Name,Created at,Currency,Fulfillment Status,Lineitem quantity,Lineitem name,Lineitem price,Lineitem sku,Shipping Name,Shipping Country
#1041,2026-10-03 18:26:00 +0200,EUR,unfulfilled,1,"USB-C power adapter, 70 W",59.00,CHG-70W,Yuki T.,FR
#1041,,,,1,"Notebook PC, model M1605N",749.00,NB-M1605N,,
#1042,2026-10-02 13:47:00 +0200,EUR,unfulfilled,1,"Notebook PC, model M1605N",749.00,NB-M1605N,Ben W.,FR
#1042,,,,1,"USB-C power adapter, 70 W",59.00,CHG-70W,,
#1043,2026-10-02 12:45:00 +0200,EUR,unfulfilled,1,"USB-C power adapter, 70 W",59.00,CHG-70W,Camille D.,FR
#1044,2026-10-01 17:42:00 +0200,EUR,unfulfilled,1,"Notebook PC, model M1605N",749.00,NB-M1605N,Noah S.,FR
#1045,2026-10-03 15:10:00 +0200,EUR,fulfilled,1,"USB-C power adapter, 70 W",59.00,CHG-70W,Lea M.,FR
#1045,,,,1,"Notebook PC, model M1605N",749.00,NB-M1605N,,
#1046,2026-10-02 10:52:00 +0200,EUR,unfulfilled,1,"Notebook PC, model M1605N",749.00,NB-M1605N,Lea M.,US
#1047,2026-10-03 13:21:00 +0200,EUR,unfulfilled,1,"USB-C power adapter, 70 W",59.00,CHG-70W,Lea M.,US
#1047,,,,1,"Notebook PC, model M1605N",749.00,NB-M1605N,,
#1048,2026-10-03 12:24:00 +0200,EUR,fulfilled,1,"Notebook PC, model M1605N",749.00,NB-M1605N,Min-jun L.,US
#1048,,,,1,"USB-C power adapter, 70 W",59.00,CHG-70W,,
#1049,2026-10-02 19:45:00 +0200,EUR,unfulfilled,1,"USB-C power adapter, 70 W",59.00,CHG-70W,Ben W.,US
#1049,,,,1,"Notebook PC, model M1605N",749.00,NB-M1605N,,
#1050,2026-10-02 16:31:00 +0200,EUR,unfulfilled,1,"Notebook PC, model M1605N",749.00,NB-M1605N,Matteo R.,US
#1051,2026-10-01 15:08:00 +0200,EUR,unfulfilled,1,"USB-C power adapter, 70 W",59.00,CHG-70W,Olivia H.,DE
#1052,2026-10-03 18:14:00 +0200,EUR,unfulfilled,1,"Notebook PC, model M1605N",749.00,NB-M1605N,Arjun N.,DE
#1052,,,,1,"USB-C power adapter, 70 W",59.00,CHG-70W,,
#1053,2026-10-01 19:10:00 +0200,EUR,unfulfilled,1,"USB-C power adapter, 70 W",59.00,CHG-70W,Olivia H.,DE
#1054,2026-10-02 10:43:00 +0200,EUR,unfulfilled,1,"Notebook PC, model M1605N",749.00,NB-M1605N,Emma R.,GB
#1055,2026-10-03 19:53:00 +0200,EUR,unfulfilled,1,"USB-C power adapter, 70 W",59.00,CHG-70W,Mia K.,GB
#1056,2026-10-01 17:37:00 +0200,EUR,unfulfilled,1,"Notebook PC, model M1605N",749.00,NB-M1605N,Ava C.,GB
#1057,2026-10-02 15:04:00 +0200,EUR,unfulfilled,1,"USB-C power adapter, 70 W",59.00,CHG-70W,Min-jun L.,JP
#1058,2026-10-01 13:47:00 +0200,EUR,fulfilled,1,"Notebook PC, model M1605N",749.00,NB-M1605N,Lucas F.,JP
#1059,2026-10-03 09:12:00 +0200,EUR,unfulfilled,1,"USB-C power adapter, 70 W",59.00,CHG-70W,Emma R.,JP
#1060,2026-10-02 12:00:00 +0200,EUR,fulfilled,1,"Notebook PC, model M1605N",749.00,NB-M1605N,Arjun N.,AU
#1060,,,,1,"USB-C power adapter, 70 W",59.00,CHG-70W,,
#1061,2026-10-02 19:01:00 +0200,EUR,unfulfilled,1,"USB-C power adapter, 70 W",59.00,CHG-70W,Olivia H.,AU
#1062,2026-10-03 14:33:00 +0200,EUR,unfulfilled,1,"Notebook PC, model M1605N",749.00,NB-M1605N,Yuki T.,IT
#1063,2026-10-02 17:33:00 +0200,EUR,fulfilled,1,"USB-C power adapter, 70 W",59.00,CHG-70W,Ben W.,IT
#1063,,,,1,"Notebook PC, model M1605N",749.00,NB-M1605N,,
#1064,2026-10-01 13:14:00 +0200,EUR,unfulfilled,1,"Notebook PC, model M1605N",749.00,NB-M1605N,Yuki T.,ES
#1065,2026-10-03 19:38:00 +0200,EUR,unfulfilled,1,"USB-C power adapter, 70 W",59.00,CHG-70W,Yuki T.,ES
#1065,,,,1,"Notebook PC, model M1605N",749.00,NB-M1605N,,
#1066,2026-10-03 13:21:00 +0200,EUR,unfulfilled,1,"USB-C power adapter, 70 W",59.00,CHG-70W,Lea M.,NL
#1067,2026-10-01 13:42:00 +0200,EUR,unfulfilled,1,"Notebook PC, model M1605N",749.00,NB-M1605N,Camille D.,NL
#1067,,,,1,"USB-C power adapter, 70 W",59.00,CHG-70W,,
#1068,2026-10-01 19:56:00 +0200,EUR,unfulfilled,1,"Notebook PC, model M1605N",749.00,NB-M1605N,Lucas F.,CA
#1069,2026-10-03 11:07:00 +0200,EUR,unfulfilled,1,"USB-C power adapter, 70 W",59.00,CHG-70W,Mia K.,CA
#1070,2026-10-03 18:31:00 +0200,EUR,unfulfilled,1,"Notebook PC, model M1605N",749.00,NB-M1605N,Jules P.,KR
#1070,,,,1,"USB-C power adapter, 70 W",59.00,CHG-70W,,
#1071,2026-10-03 15:50:00 +0200,EUR,unfulfilled,1,"USB-C power adapter, 70 W",59.00,CHG-70W,Matteo R.,KR
#1071,,,,1,"Notebook PC, model M1605N",749.00,NB-M1605N,,
#1072,2026-10-02 17:48:00 +0200,EUR,unfulfilled,1,"Notebook PC, model M1605N",749.00,NB-M1605N,Emma R.,CH
#1073,2026-10-02 15:53:00 +0200,EUR,unfulfilled,1,"USB-C power adapter, 70 W",59.00,CHG-70W,Jules P.,CH
#1073,,,,1,"Notebook PC, model M1605N",749.00,NB-M1605N,,
#1074,2026-10-03 17:27:00 +0200,EUR,unfulfilled,1,"Notebook PC, model M1605N",749.00,NB-M1605N,Noah S.,MX
#1074,,,,1,"USB-C power adapter, 70 W",59.00,CHG-70W,,
#1075,2026-10-02 17:07:00 +0200,EUR,unfulfilled,1,"USB-C power adapter, 70 W",59.00,CHG-70W,Emma R.,MX
#1076,2026-10-01 09:02:00 +0200,EUR,unfulfilled,1,"USB-C power adapter, 70 W",59.00,CHG-70W,Matteo R.,NZ
