n,image,device,brand,category,amazon_title,amazon_url,link_quality,photo_author,photo_source,photo_license
1,images/001_DualShock_3.jpg,DualShock 3,Sony,console_controller,Manette PS3 DualShock 3 noire,https://www.amazon.fr/Manette-PS3-Dual-Shock-noire/dp/B005MMFIOO,exact,Diego Figueroa,https://www.ifixit.com/Teardown/DualShock+3+Teardown/73084#s1,CC BY-NC-SA 3.0
2,images/002_GameSir_T4_Pro.jpg,GameSir T4 Pro,GameSir,console_controller,GameSir T4 Pro manette sans fil Bluetooth,https://www.amazon.fr/GameSir-Contr%C3%B4leur-Controller-r%C3%A9tro-%C3%A9clairage-programmable/dp/B088GQY8FH,exact,Reid Quigley,https://www.ifixit.com/Teardown/GameSir+T4+Pro+Teardown/204534#s2,CC BY-NC-SA 3.0
3,images/003_Nacon_Asymmetric_Wireless_PS4_Controller.jpg,Nacon Asymmetric Wireless PS4 Controller,Nacon,console_controller,Nacon Asymmetric Wireless Controller pour PS4,https://www.amazon.fr/Nacon-Asymmetric-Wireless-Manette-Playstation/dp/B07PBXYYRK,exact,Qhixe,https://www.ifixit.com/Teardown/Nacon+Asymmetric+Wireless+PS4+Controller+Teardown/192858#s1,CC BY-NC-SA 3.0
4,images/004_Nintendo_3DS_NFC_reader.jpg,Nintendo 3DS NFC reader,Nintendo,console_controller,Nintendo Lecteur NFC pour 3DS,https://www.amazon.fr/Lecteur-NFC-pour-Nintendo-3DS/dp/B0112S4888,exact,lukas baudet,https://www.ifixit.com/Teardown/Nintendo+3DS+NFC+reader+exploded+view/141989#s1,CC BY-NC-SA 3.0
5,images/005_Nintendo_64.jpg,Nintendo 64,Nintendo,console_controller,,,none,Christian Marmolejos,https://www.ifixit.com/Teardown/Nintendo+64+Teardown/74923#s3,CC BY-NC-SA 3.0
6,images/006_Nintendo_DS_Lite.jpg,Nintendo DS Lite,Nintendo,console_controller,,,none,KC Harris,https://www.ifixit.com/Teardown/Nintendo+DS+Lite+Teardown/42650#s2,CC BY-NC-SA 3.0
7,images/007_Nintendo_DSi_XL.jpg,Nintendo DSi XL,Nintendo,console_controller,,,none,Gabriel Rendon,https://www.ifixit.com/Teardown/Nintendo+DSi+XL+Wi-fi+Board+Teardown/72749#s2,CC BY-NC-SA 3.0
8,images/008_Nintendo_Switch.jpg,Nintendo Switch,Nintendo,console_controller,Console Nintendo Switch avec Joy-Con rouge néon/bleu néon (2017),https://www.amazon.fr/Console-Nintendo-Switch-avec-Joy/dp/B01N5OPMJW,exact,Evan Noronha,https://www.ifixit.com/Teardown/Nintendo+Switch+Teardown/78263#s4,CC BY-NC-SA 3.0
9,images/009_Nintendo_Switch_Lite.jpg,Nintendo Switch Lite,Nintendo,console_controller,Console Nintendo Switch Lite (gris),https://www.amazon.fr/Nintendo-Switch-Lite-Gris/dp/B086XH2TX4,exact,Jeff Suovanen,https://www.ifixit.com/Teardown/Nintendo+Switch+Lite+Teardown/126223#s2,CC BY-NC-SA 3.0
10,images/010_R36S.jpg,R36S,Generic,console_controller,Console de jeu portable rétro R36S,https://www.amazon.fr/Console-portable-r%C3%A9tro-stockage-syst%C3%A8me/dp/B0FNRX2JJZ,approximate,Adam Lovette,https://www.ifixit.com/Teardown/R36S+Teardown/220069#s2,CC BY-NC-SA 3.0
11,images/011_Steam_Controller_2nd_Generation.jpg,Steam Controller (2nd Generation),Valve,console_controller,,,none,Michael,https://www.ifixit.com/Teardown/Steam+Controller+(2nd+Generation)+Wireless+Puck+Teardown/217571#s1,CC BY-NC-SA 3.0
12,images/012_Xbox_Adaptive_Controller.jpg,Xbox Adaptive Controller,Microsoft,console_controller,,,none,Jeff Suovanen,https://www.ifixit.com/Teardown/Xbox+Adaptive+Controller+Teardown/125295#s3,CC BY-NC-SA 3.0
13,images/013_Xbox_One_Elite_Controller_Model_1698.jpg,Xbox One Elite Controller (Model 1698),Microsoft,console_controller,Manette sans fil Xbox One Elite (modèle 1698),https://www.amazon.fr/Manette-sans-Elite-pour-Xbox/dp/B00ZV0NH40,exact,Camron Corcoran,https://www.ifixit.com/Teardown/Xbox+One+Elite+Controller+(Model+1698)+teardown/157801#s2,CC BY-NC-SA 3.0
14,images/014_AirPods_Pro.jpg,AirPods Pro,Apple,headphone,Apple AirPods Pro (1re génération) avec boîtier MagSafe (2021),https://www.amazon.fr/Apple-AirPods-avec-Chargeur-MagSafe/dp/B09JQZ5DYM,approximate,Jeff Suovanen,https://www.ifixit.com/Teardown/AirPods+Pro+Teardown/127551#s5,CC BY-NC-SA 3.0
15,images/015_Apple_EarPods.jpg,Apple EarPods,Apple,headphone,"Apple EarPods avec mini-jack 3,5 mm",https://www.amazon.fr/Apple-Ecouteurs-EarPods-Mini-Jack-3-5mm/dp/B06XDLJL26,approximate,Brett Hartt,https://www.ifixit.com/Teardown/Apple+EarPods+Teardown/10501#s2,CC BY-NC-SA 3.0
16,images/016_JBL_Tune_700BT.jpg,JBL Tune 700BT,JBL,headphone,JBL Tune 700BT casque sans fil Bluetooth,https://www.amazon.fr/JBL-Tune-700BT-Bluetooth-Autonomie/dp/B08145ZW8Y,exact,Artur Huhtaniemi,https://www.ifixit.com/Teardown/JBL+Tune+700BT+Teardown/180007#s1,CC BY-NC-SA 3.0
17,images/017_MacBook_Air_13_Retina_Display_Late_2018.jpg,MacBook Air 13” Retina Display Late 2018,Apple,mac_laptop,Apple MacBook Air 13 Retina 2018 Core i5 (MRE82FN/A),https://www.amazon.fr/Apple-MacBook-256Go-Retina-MRE82FN/dp/B09PPRW8VM,approximate,Taylor Dixon,https://www.ifixit.com/Teardown/MacBook+Air+13-Inch+Retina+2018+Teardown/115201#s2,CC BY-NC-SA 3.0
18,images/018_MacBook_Pro_13_Function_Keys_Late_2016.jpg,"MacBook Pro 13"" Function Keys Late 2016",Apple,mac_laptop,,,none,Jeff Suovanen,https://www.ifixit.com/Teardown/MacBook+Pro+13-Inch+Function+Keys+Late+2016+Teardown/72415#s2,CC BY-NC-SA 3.0
19,images/019_MacBook_Pro_13_Touch_Bar_2018.jpg,"MacBook Pro 13"" Touch Bar 2018",Apple,mac_laptop,Apple MacBook Pro 13 pouces Touch Bar 2018 Core i5 2.3 GHz,https://www.amazon.fr/Apple-MacBook-Processeur-Quadric%C5%93ur-8e-G%C3%A9n%C3%A9ration/dp/B07FLHMW3N,approximate,Adam O'Camb,https://www.ifixit.com/Teardown/MacBook+Pro+13-Inch+Touch+Bar+2018+Teardown/111384#s3,CC BY-NC-SA 3.0
20,images/020_MacBook_Pro_13_Touch_Bar_Late_2016.jpg,"MacBook Pro 13"" Touch Bar Late 2016",Apple,mac_laptop,"Apple MacBook Pro 13 pouces Touch Bar 2016 (MLVP2FN/A, reconditionné)",https://www.amazon.fr/Apple-MLVP2FN-MacBook-Graphics-Reconditionn%C3%A9/dp/B07TK5CHDP,approximate,Jeff Suovanen,https://www.ifixit.com/Teardown/MacBook+Pro+13-Inch+Touch+Bar+Teardown/73480#s2,CC BY-NC-SA 3.0
21,images/021_MacBook_Pro_13_Two_Thunderbolt_Ports_2019.jpg,"MacBook Pro 13"" Two Thunderbolt Ports 2019",Apple,mac_laptop,Apple MacBook Pro 13 pouces Touch Bar 2019 (deux ports Thunderbolt 3),https://www.amazon.fr/Nouvel-Apple-MacBook-stockage-Core-i5/dp/B07V25PYRS,approximate,Adam O'Camb,https://www.ifixit.com/Teardown/MacBook+Pro+13-Inch+Two+Thunderbolt+Ports+2019+Teardown/124676#s1,CC BY-NC-SA 3.0
22,images/022_MacBook_Pro_15_Touch_Bar_2019.jpg,"MacBook Pro 15"" Touch Bar 2019",Apple,mac_laptop,Apple MacBook Pro 15 pouces Touch Bar 2019 Core i9,https://www.amazon.fr/Apple-MacBook-pouces-Dernier-stockage/dp/B07S33FZC2,approximate,Arthur Shi,https://www.ifixit.com/Teardown/MacBook+Pro+15-Inch+Touch+Bar+2019+Teardown/123653#s1,CC BY-NC-SA 3.0
23,images/023_MacBook_Pro_15_Touch_Bar_Late_2016.jpg,"MacBook Pro 15"" Touch Bar Late 2016",Apple,mac_laptop,Apple MacBook Pro 15 Touch Bar 2016 (reconditionné),https://www.amazon.fr/Apple-MacBook-2016-TouchBar-Reconditionn%C3%A9/dp/B09GYRWVPQ,approximate,Evan Noronha,https://www.ifixit.com/Teardown/MacBook+Pro+15-Inch+Touch+Bar+Teardown/73395#s2,CC BY-NC-SA 3.0
24,images/024_MacBook_Pro_16_2019.jpg,"MacBook Pro 16"" 2019",Apple,mac_laptop,Apple MacBook Pro 16 pouces 2019,https://www.amazon.fr/Apple-MacBook-16-pouces-stockage-Intel/dp/B081FZWYN1,approximate,Taylor Dixon,https://www.ifixit.com/Teardown/MacBook+Pro+16-Inch+2019+Teardown/128106#s1,CC BY-NC-SA 3.0
25,images/025_Retina_MacBook_2017.jpg,Retina MacBook 2017,Apple,mac_laptop,Apple MacBook 12 pouces 2017 Core m3 (reconditionné),https://www.amazon.fr/Apple-MacBook-pouces-Bic%C5%93ur-Intel/dp/B07V5798VY,approximate,Blake Klein,https://www.ifixit.com/Teardown/Retina+MacBook+2017+Teardown/92172#s2,CC BY-NC-SA 3.0
26,images/026_Acer_Optical_Mouse.jpg,Acer Optical Mouse,Acer,mouse_keyboard,,,none,Oduelca,https://www.ifixit.com/Teardown/Acer+Optical+Mouse+Teardown/142745#s2,CC BY-NC-SA 3.0
27,images/027_Corsair_Dark_Core_SE.jpg,Corsair Dark Core (SE),Corsair,mouse_keyboard,Corsair Dark Core RGB SE souris gaming sans fil recharge Qi,https://www.amazon.fr/Corsair-Special-recharge-R%C3%A9tro%C3%A9clairage-Multicolore/dp/B078W6JNKF,exact,Zalmfilet,https://www.ifixit.com/Teardown/Corsair+Dark+Core+(SE)+Teardown/140213#s1,CC BY-NC-SA 3.0
28,images/028_Logitech_G915_Wireless_Clicky.jpg,Logitech G915 Wireless (Clicky),Logitech,mouse_keyboard,Logitech G 915 LIGHTSPEED clavier gaming sans fil GL Clicky AZERTY,https://www.amazon.fr/LIGHTSPEED-M%C3%A9canique-ultra-plat-LIGHTSYNC-Bluetooth/dp/B07W7K2QLG,exact,Ekke Sten,https://www.ifixit.com/Teardown/Logitech+G915+TKL+Wireless+(Tactile)+Teardown/148464#s2,CC BY-NC-SA 3.0
29,images/029_Logitech_K700_Keyboard.jpg,Logitech K700 Keyboard,Logitech,mouse_keyboard,,,none,cityzen,https://www.ifixit.com/Teardown/Logitech+K700+Keyboard+Teardown/23308#s2,CC BY-NC-SA 3.0
30,images/030_Logitech_M205.jpg,Logitech M205,Logitech,mouse_keyboard,Logitech M205 souris optique sans fil,https://www.amazon.fr/Logitech-M205-Souris-Optique-sans-fil/dp/B00266LK1Y,exact,Sydnee Rodriguez,https://www.ifixit.com/Teardown/Logitech+M205+Teardown/42634#s1,CC BY-NC-SA 3.0
31,images/031_Logitech_POWERPLAY.jpg,Logitech POWERPLAY,Logitech,mouse_keyboard,Logitech G POWERPLAY tapis de souris à recharge sans fil,https://www.amazon.fr/Logitech-943-000110-Compatible-LIGHTSPEED-SUPERLIGHT/dp/B073399S1L,approximate,Nozemi,https://www.ifixit.com/Teardown/Logitech+POWERPLAY+Teardown/151479#s1,CC BY-NC-SA 3.0
32,images/032_Meeting_Owl.jpg,Meeting Owl,Owl Labs,mouse_keyboard,Meeting Owl caméra de vidéoconférence 360°,https://www.amazon.fr/Owl-Labs-Vid%C3%A9oconf%C3%A9rence-Automatique-linterlocuteur/dp/B07W4DWPY3,exact,Alexandre Demers,https://www.ifixit.com/Teardown/Meeting+Owl+(MTW100)+Teardown/209677#s2,CC BY-NC-SA 3.0
33,images/033_Microsoft_Basic_Mouse_v2_0.jpg,Microsoft Basic Mouse v2.0,Microsoft,mouse_keyboard,Microsoft P58-00059 Basic Optical Mouse,https://www.amazon.fr/Microsoft-Basic-Optical-Mouse-filaire/dp/B009M2P2QE,approximate,Nick Wrbican,https://www.ifixit.com/Teardown/Microsoft+Basic+Mouse+v2.0+Teardown/204069#s2,CC BY-NC-SA 3.0
34,images/034_Microsoft_Surface_Dial.jpg,Microsoft Surface Dial,Microsoft,mouse_keyboard,Microsoft Surface Dial (2WR-00001),https://www.amazon.fr/MICROSOFT-SURFACE-2WR-00001-Surface-Dial/dp/B01NARIOAX,exact,Scott Havard,https://www.ifixit.com/Teardown/Microsoft+Surface+Dial+Teardown/74808#s2,CC BY-NC-SA 3.0
35,images/035_Redragon_K585RGB.jpg,Redragon K585RGB,Redragon,mouse_keyboard,Redragon K585 DITI clavier gaming une main RGB,https://www.amazon.fr/Redragon-K585-commutateurs-professionnel-repose-poignet/dp/B07NBJVH4G,exact,Eclipse Nox,https://www.ifixit.com/Teardown/Redragon+K585RGB+Teardown/181387#s1,CC BY-NC-SA 3.0
36,images/036_Hitron_CODA.jpg,Hitron CODA,Hitron,network,,,none,Kyle Westhaus,https://www.ifixit.com/Teardown/Hitron+CODA+Teardown/169712#s2,CC BY-NC-SA 3.0
37,images/037_Nighthawk_AX8_8_Stream_AX6000_WiFi_Router.jpg,Nighthawk AX8 8-Stream AX6000 WiFi Router,Netgear,network,NETGEAR Nighthawk AX8 routeur WiFi 6 RAX80 AX6000,https://www.amazon.fr/NETGEAR-Nighthawk-intelligentes-moyennes-surfaces/dp/B01M6D9WQ7,exact,Matt Zulawski,https://www.ifixit.com/Teardown/Netgear+Nighthawk+AX8+8-Stream+AX6000+WiFi+Router+Teardown/183154#s2,CC BY-NC-SA 3.0
38,images/038_Samsung_Connect_Home.jpg,Samsung Connect Home,Samsung,network,Samsung Connect Home Smart Wi-Fi System ET-WV520K (lot de 3),https://www.amazon.fr/Samsung-Connect-Smart-Syst%C3%A8me-WV520K/dp/B06XSDFMND,approximate,Arthur Shi,https://www.ifixit.com/Teardown/Samsung+Connect+Home+Teardown/104807#s2,CC BY-NC-SA 3.0
39,images/039_StarTech_com_SFP1000ZXST_1000BASE_ZX_SFP_Transceiv.jpg,StarTech.com SFP1000ZXST 1000BASE-ZX SFP Transceiver,StarTech.com,network,StarTech.com SFP1000ZXST module SFP 1000Base-ZX,https://www.amazon.fr/SFP-Fibre-1000Base-ZX-Conforme-Monomode/dp/B0747WZ8LZ,exact,Daniel Rezaie,https://www.ifixit.com/Teardown/StarTech.com+SFP1000ZXST+1000BASE-ZX+SFP+Transceiver+Teardown/220833#s1,CC BY-NC-SA 3.0
40,images/040_Acer_Chromebook_C732.jpg,Acer Chromebook C732,Acer,pc_laptop,,,none,Jacob Mehnert,https://www.ifixit.com/Teardown/Acer+Chromebook+11+C732+Teardown/148451#s3,CC BY-NC-SA 3.0
41,images/041_Dell_Latitude_CP.jpg,Dell Latitude CP,Dell,pc_laptop,,,none,Maya Mann,https://www.ifixit.com/Teardown/Dell+Latitude+CP+Teardown/126369#s2,CC BY-NC-SA 3.0
42,images/042_Dell_Latitude_D500.jpg,Dell Latitude D500,Dell,pc_laptop,,,none,Ethan Bullen,https://www.ifixit.com/Teardown/Dell+Latitude+D500+Teardown/206534#s1,CC BY-NC-SA 3.0
43,images/043_Dell_Thunderbolt_WD19TBS.jpg,Dell Thunderbolt WD19TBS,Dell,pc_laptop,Station d'accueil Dell Thunderbolt Dock WD19TBS 180W,https://www.amazon.fr/Station-daccueil-Dell-Thunderbolt-WD19TBS/dp/B08XNJLRJ1,exact,Christian Hase,https://www.ifixit.com/Teardown/%5BWork+in+Progress%5D+Dell+Thunderbolt+WD19TBS+Teardown/147773#s1,CC BY-NC-SA 3.0
44,images/044_Microsoft_Surface_Laptop_3_15.jpg,"Microsoft Surface Laptop 3 15""",Microsoft,pc_laptop,Microsoft Surface Laptop 3 15 pouces Core i5 8 Go 256 Go,https://www.amazon.fr/Microsoft-Surface-Tactile-i5-10xxx-Windows/dp/B082QS2HLJ,approximate,Adam O'Camb,https://www.ifixit.com/Teardown/Microsoft+Surface+Laptop+3+(15-inch)+Teardown/127277#s2,CC BY-NC-SA 3.0
45,images/045_Belkin_WeMo_Switch.jpg,Belkin WeMo Switch,Belkin,speaker,Belkin WeMo Switch prise connectée Wi-Fi,https://www.amazon.fr/dp/B009RJWJBI,approximate,Geoff Wacker,https://www.ifixit.com/Teardown/Belkin+WeMo+Switch+Teardown/77953#s2,CC BY-NC-SA 3.0
46,images/046_Echo_Dot_4_Generation.jpg,Echo Dot 4. Generation,Amazon,speaker,Echo Dot (4e génération) enceinte connectée avec Alexa,https://www.amazon.fr/echo-dot-4e-generation-version-internationale/dp/B085K45C3S,exact,Wolfgang,https://www.ifixit.com/Teardown/Echo+Dot+4th+Generation+Teardown/147731#s1,CC BY-NC-SA 3.0
47,images/047_Google_Home.jpg,Google Home,Google,speaker,,,none,Scott Havard,https://www.ifixit.com/Teardown/Google+Home+Teardown/72684#s2,CC BY-NC-SA 3.0
48,images/048_IKEA_KALLSUP.jpg,IKEA KALLSUP,IKEA,speaker,,,none,Quanten,https://www.ifixit.com/Teardown/IKEA+KALLSUP+Teardown/228493#s2,CC BY-NC-SA 3.0
49,images/049_Oasis_Ambient.jpg,Oasis Ambient,Oasis,speaker,,,none,Fred Turkington,https://www.ifixit.com/Teardown/Oasis+Ambient+Teardown/221776#s2,CC BY-NC-SA 3.0
50,images/050_Oculus_Rift_Development_Kit_2.jpg,Oculus Rift Development Kit 2,Oculus,vr,Casque de réalité virtuelle Oculus Rift DK2,https://www.amazon.fr/Casque-r%C3%A9alit%C3%A9-virtuelle-Derni%C3%A8re-version/dp/B00NJRTGXS,exact,Walter Galan,https://www.ifixit.com/Teardown/Oculus+Rift+Development+Kit+2+Teardown/27613#s9,CC BY-NC-SA 3.0
51,images/051_Oculus_Touch.jpg,Oculus Touch,Oculus,vr,Oculus Touch manettes VR (301-00059-01),https://www.amazon.fr/Oculus-301-00059-01-Touch-Controller-VR/dp/B01LSZCU6M,exact,Sam Goldheart,https://www.ifixit.com/Teardown/Oculus+Touch+Teardown/75109#s3,CC BY-NC-SA 3.0
