"celex","date"
"02011L0065-20110721",2011-07-21
"02011L0065-20130107",2013-01-07
"02011L0065-20140129",2014-01-29
"02011L0065-20140609",2014-06-09
"02011L0065-20150430",2015-04-30
"02011L0065-20160715",2016-07-15
"02011L0065-20171106",2017-11-06
"02011L0065-20171211",2017-12-11
"02011L0065-20180706",2018-07-06
"02011L0065-20181121",2018-11-21
"02011L0065-20190722",2019-07-22
"02011L0065-20200301",2020-03-01
"02011L0065-20200501",2020-05-01
"02011L0065-20200901",2020-09-01
"02011L0065-20210401",2021-04-01
"02011L0065-20211101",2021-11-01
"02011L0065-20220701",2022-07-01
"02011L0065-20221001",2022-10-01
"02011L0065-20230301",2023-03-01
"02011L0065-20230901",2023-09-01
"02011L0065-20240201",2024-02-01
"02011L0065-20240801",2024-08-01
"02011L0065-20250101",2025-01-01
"02011L0065-20260701",2026-07-01
"02012L0019-20120724",2012-07-24
"02012L0019-20180704",2018-07-04
"02012L0019-20240408",2024-04-08
"02014L0030-20140418",2014-04-18
"02014L0030-20180911",2018-09-11
"02014L0030-20260530",2026-05-30
"02014L0035-20140329",2014-03-29
"02014L0035-20260530",2026-05-30
"02014L0053-20140611",2014-06-11
"02014L0053-20180911",2018-09-11
"02014L0053-20221227",2022-12-27
"02014L0053-20231001",2023-10-01
"02014L0053-20241228",2024-12-28
"02014L0053-20260530",2026-05-30
"02019R1020-20190625",2019-06-25
"02019R1020-20240218",2024-02-18
"02019R1020-20240523",2024-05-23
"02019R1020-20260812",2026-08-12
"02019R1782-20191025",2019-10-25
"02023R0988-20230523",2023-05-23
"02023R0988-20260529",2026-05-29
"02023R1542-20230728",2023-07-28
"02023R1542-20240718",2024-07-18
"02023R1542-20250731",2025-07-31
"02023R1542-20260813",2026-08-13
"02025R2052-20251124",2025-11-24
"celex"
"02008R0765-20080813"
"02008R0765-20100101"
"02008R0765-20210716"
"02009L0125-20121204"
"02024R1781-20240628"
