"celex","p","o"
"32009L0125","date_end-of-validity",2024-07-17
"32009L0125","date_end-of-validity",2026-12-31
"32009L0125","date_end-of-validity",2030-12-31
"32009L0125","date_end-of-validity",9999-12-31
"32009L0125","date_entry-into-force",2009-11-20
"32009L0125","in-force",1
"32009L0125","work_date_document",2009-10-21
"32011L0065","date_end-of-validity",9999-12-31
"32011L0065","date_entry-into-force",2011-07-21
"32011L0065","in-force",1
"32011L0065","work_date_document",2011-06-08
"32012L0019","date_end-of-validity",9999-12-31
"32012L0019","date_entry-into-force",2012-08-13
"32012L0019","in-force",1
"32012L0019","work_date_document",2012-07-04
"32014L0030","date_end-of-validity",9999-12-31
"32014L0030","date_entry-into-force",2014-04-18
"32014L0030","date_entry-into-force",2016-04-20
"32014L0030","in-force",1
"32014L0030","work_date_document",2014-02-26
"32014L0035","date_end-of-validity",9999-12-31
"32014L0035","date_entry-into-force",2014-04-18
"32014L0035","date_entry-into-force",2016-04-20
"32014L0035","in-force",1
"32014L0035","work_date_document",2014-02-26
"32014L0053","date_end-of-validity",9999-12-31
"32014L0053","date_entry-into-force",2014-06-11
"32014L0053","in-force",1
"32014L0053","work_date_document",2014-04-16
"32019R1020","date_end-of-validity",2026-01-07
"32019R1020","date_end-of-validity",9999-12-31
"32019R1020","date_entry-into-force",2019-07-15
"32019R1020","date_entry-into-force",2021-01-01
"32019R1020","date_entry-into-force",2021-07-16
"32019R1020","in-force",1
"32019R1020","work_date_document",2019-06-20
"32019R1782","date_end-of-validity",2028-12-13
"32019R1782","date_end-of-validity",2030-12-13
"32019R1782","date_end-of-validity",2033-12-13
"32019R1782","date_entry-into-force",2019-11-14
"32019R1782","date_entry-into-force",2020-04-01
"32019R1782","in-force",1
"32019R1782","work_date_document",2019-10-01
"32022L2380","date_end-of-validity",9999-12-31
"32022L2380","date_entry-into-force",2022-12-27
"32022L2380","in-force",1
"32022L2380","work_date_document",2022-11-23
"32023R0988","date_end-of-validity",9999-12-31
"32023R0988","date_entry-into-force",2023-06-12
"32023R0988","date_entry-into-force",2024-12-13
"32023R0988","in-force",1
"32023R0988","work_date_document",2023-05-10
"32023R1542","date_end-of-validity",9999-12-31
"32023R1542","date_entry-into-force",1001-01-01
"32023R1542","date_entry-into-force",2023-08-17
"32023R1542","date_entry-into-force",2024-02-18
"32023R1542","date_entry-into-force",2024-08-18
"32023R1542","date_entry-into-force",2025-08-18
"32023R1542","date_entry-into-force",2027-02-18
"32023R1542","in-force",1
"32023R1542","work_date_document",2023-07-12
"32024R1781","date_end-of-validity",9999-12-31
"32024R1781","date_entry-into-force",2024-07-18
"32024R1781","in-force",1
"32024R1781","work_date_document",2024-06-13
"32025R2052","date_end-of-validity",9999-12-31
"32025R2052","date_entry-into-force",2025-12-14
"32025R2052","date_entry-into-force",2028-12-14
"32025R2052","in-force",1
"32025R2052","work_date_document",2025-10-13
